<?xml version="1.0"?>
<FACULTY>
    <FIRSTNAME>Jim</FIRSTNAME>
    <LASTNAME>Lange</LASTNAME>
    <TITLE>Associate</TITLE>
    <BIRTHDATE>12/25/1953</BIRTHDATE>
    <ADDRESS>500 Main Street</ADDRESS>
    <SALARY>800</SALARY>
</FACULTY>
<FACULTY>
    <FIRSTNAME>Jack</FIRSTNAME>
    <LASTNAME>Lange</LASTNAME>
    <TITLE>Assistant</TITLE>
    <BIRTHDATE>01/10/1873</BIRTHDATE>
    <ADDRESS>16 Lawn Ave.</ADDRESS>
    <SALARY>35000</SALARY>
</FACULTY>
<FACULTY>
    <FIRSTNAME>Helen</FIRSTNAME>
    <LASTNAME>NJVWK</LASTNAME>
    <TITLE>Full Professor</TITLE>
    <BIRTHDATE>01/10/1965</BIRTHDATE>
    <ADDRESS>16 May Ave.</ADDRESS>
    <SALARY>85000</SALARY>
</FACULTY>